{
  "hash": "e156db94",
  "configHash": "ea992ae1",
  "lockfileHash": "ad43ee93",
  "browserHash": "4d78a86b",
  "optimized": {
    "@angular/core": {
      "src": "../../../../../../node_modules/@angular/core/fesm2022/core.mjs",
      "file": "@angular_core.js",
      "fileHash": "e6550699",
      "needsInterop": false
    },
    "@angular/forms": {
      "src": "../../../../../../node_modules/@angular/forms/fesm2022/forms.mjs",
      "file": "@angular_forms.js",
      "fileHash": "51a5e807",
      "needsInterop": false
    },
    "@angular/platform-browser": {
      "src": "../../../../../../node_modules/@angular/platform-browser/fesm2022/platform-browser.mjs",
      "file": "@angular_platform-browser.js",
      "fileHash": "8a695e6f",
      "needsInterop": false
    }
  },
  "chunks": {
    "chunk-NYWWGVHZ": {
      "file": "chunk-NYWWGVHZ.js"
    },
    "chunk-FYTLGAJI": {
      "file": "chunk-FYTLGAJI.js"
    }
  }
}