{
  "hash": "ddda41b1",
  "configHash": "a1f98d69",
  "lockfileHash": "3e8c30f2",
  "browserHash": "780455ee",
  "optimized": {
    "@angular/core": {
      "src": "../../../../../../node_modules/@angular/core/fesm2022/core.mjs",
      "file": "@angular_core.js",
      "fileHash": "d7922ca0",
      "needsInterop": false
    },
    "@angular/platform-browser": {
      "src": "../../../../../../node_modules/@angular/platform-browser/fesm2022/platform-browser.mjs",
      "file": "@angular_platform-browser.js",
      "fileHash": "4afae471",
      "needsInterop": false
    },
    "@angular/common": {
      "src": "../../../../../../node_modules/@angular/common/fesm2022/common.mjs",
      "file": "@angular_common.js",
      "fileHash": "64fa9635",
      "needsInterop": false
    }
  },
  "chunks": {
    "chunk-ZAPXGIBJ": {
      "file": "chunk-ZAPXGIBJ.js"
    },
    "chunk-E5KI7I6E": {
      "file": "chunk-E5KI7I6E.js"
    }
  }
}